{"cameraMode":{"drawMode":0,"name":"Shaded","section":"Shading Mode"},"sceneLighting":true,"audioPlay":false,"sceneViewState":{"showFog":true,"showMaterialUpdate":false,"showSkybox":true,"showFlares":true,"showImageEffects":true,"showParticleSystems":true},"in2DMode":false,"pivot":{"x":4.2119903564453129,"y":5.998160362243652,"z":9.319845199584961},"rotation":{"x":0.12283004075288773,"y":-0.8760157823562622,"z":0.3047710359096527,"w":0.3530513644218445},"size":1.6953816413879395,"orthographic":false}